"Track URI","Track Name","Artist URI(s)","Artist Name(s)","Album URI","Album Name","Album Artist URI(s)","Album Artist Name(s)","Album Release Date","Album Image URL","Disc Number","Track Number","Track Duration (ms)","Track Preview URL","Explicit","Popularity","ISRC","Added By","Added At"
"spotify:track:6VrLYoQKdhu1Jruei06t65","Somebody To You","spotify:artist:7gAppWoH7pcYmphCVTXkzs","The Vamps","spotify:album:12gXA8pXYzj9bycyyKSGAa","Meet The Vamps","spotify:artist:7gAppWoH7pcYmphCVTXkzs","The Vamps","2014-01-01","https://i.scdn.co/image/ab67616d0000b2739f89b8390933e9ccb3673c89","1","3","185097","https://p.scdn.co/mp3-preview/91587c1a1e3da6ebc24a9320c61a8b40836a202c?cid=9950ac751e34487dbbe027c4fd7f8e99","false","71","GBUM71401330","spotify:user:","1970-01-01T00:00:00Z"
"spotify:track:5iFwAOB2TFkPJk8sMlxP8g","Make You Mine","spotify:artist:4vxaQs6vK54nK89J1VtLex","PUBLIC","spotify:album:2CxrZinzjDXZidyx5EP214","Make You Mine","spotify:artist:4vxaQs6vK54nK89J1VtLex","PUBLIC","2019-08-09","https://i.scdn.co/image/ab67616d0000b2730d0621554b1c6c9dbf3556be","1","2","232906","https://p.scdn.co/mp3-preview/62a3c440df8ce0e808ee2ba176cf90dcf3473f99?cid=9950ac751e34487dbbe027c4fd7f8e99","false","71","TCACE1578479","spotify:user:","1970-01-01T00:00:00Z"
"spotify:track:0RiRZpuVRbi7oqRdSMwhQY","Sunflower - Spider-Man: Into the Spider-Verse","spotify:artist:246dkjvS1zLTtiykXe5h60, spotify:artist:1zNqQNIdeOUZHb8zbZRFMX","Post Malone, Swae Lee","spotify:album:4g1ZRSobMefqF6nelkgibi","Hollywood's Bleeding","spotify:artist:246dkjvS1zLTtiykXe5h60","Post Malone","2019-09-06","https://i.scdn.co/image/ab67616d0000b2739478c87599550dd73bfa7e02","1","12","157560","https://p.scdn.co/mp3-preview/3c0788c6aba94192edcb497d9a02075bf76c5400?cid=9950ac751e34487dbbe027c4fd7f8e99","false","84","USUM71814888","spotify:user:","1970-01-01T00:00:00Z"
"spotify:track:1fzAuUVbzlhZ1lJAx9PtY6","Daylight","spotify:artist:06HL4z0CvFAxyc27GXpf02","Taylor Swift","spotify:album:1NAmidJlEaVgA3MpcPFYGq","Lover","spotify:artist:06HL4z0CvFAxyc27GXpf02","Taylor Swift","2019-08-23","https://i.scdn.co/image/ab67616d0000b273e787cffec20aa2a396a61647","1","18","293453","https://p.scdn.co/mp3-preview/4d31abf7ea87925c83ddefa5314a4ba92fedc33c?cid=9950ac751e34487dbbe027c4fd7f8e99","false","78","USUG11901486","spotify:user:","1970-01-01T00:00:00Z"
"spotify:track:6I3mqTwhRpn34SLVafSH7G","Ghost","spotify:artist:1uNFoZAHBGtllmzznpCI3s","Justin Bieber","spotify:album:5dGWwsZ9iB2Xc3UKR0gif2","Justice","spotify:artist:1uNFoZAHBGtllmzznpCI3s","Justin Bieber","2021-03-19","https://i.scdn.co/image/ab67616d0000b273e6f407c7f3a0ec98845e4431","1","11","153190","https://p.scdn.co/mp3-preview/10746d0627d5dd428001083030cf6726c5e92c67?cid=9950ac751e34487dbbe027c4fd7f8e99","false","84","USUM72102635","spotify:user:","1970-01-01T00:00:00Z"
"spotify:track:00yCFRFQLu3OAhGahgVimh","At My Worst","spotify:artist:1W7FNibLa0O0b572tB2w7t","Pink Sweat$","spotify:album:21iLTKX2O7LTHijlyXsbG1","PINK PLANET","spotify:artist:1W7FNibLa0O0b572tB2w7t","Pink Sweat$","2021-02-12","https://i.scdn.co/image/ab67616d0000b27343275240f8d72faac186400f","1","10","170344","https://p.scdn.co/mp3-preview/a821a6b3300253a5619fc68cb539a7aa309750d3?cid=9950ac751e34487dbbe027c4fd7f8e99","false","68","USAT22003823","spotify:user:","1970-01-01T00:00:00Z"
"spotify:track:5NvOZCjZaGGGL597exlQWv","Line Without a Hook","spotify:artist:0ZUvK7zGdXLd78mQr3t1Tw","Ricky Montgomery","spotify:album:25paSmOYSF03s81DCNqQn3","Montgomery Ricky","spotify:artist:0ZUvK7zGdXLd78mQr3t1Tw","Ricky Montgomery","2016-04-08","https://i.scdn.co/image/ab67616d0000b27367ee332af483acd134fd6fd0","1","2","249586","https://p.scdn.co/mp3-preview/7ca3ab941ddeebad9d8ad832c6cbc4b23f46965b?cid=9950ac751e34487dbbe027c4fd7f8e99","false","77","USA2P1624696","spotify:user:","1970-01-01T00:00:00Z"
"spotify:track:0fiijtFXDJ9MOVwgSaEQJ5","Don't Give Up On Me","spotify:artist:2oX42qP5ineK3hrhBECLmj","Andy Grammer","spotify:album:4NkgzNCOzuki4FuWUOY28R","Naïve","spotify:artist:2oX42qP5ineK3hrhBECLmj","Andy Grammer","2019-07-26","https://i.scdn.co/image/ab67616d0000b2736012829a32ed0e4c084e693b","1","5","196187","https://p.scdn.co/mp3-preview/c5bf3b185d2dba91a42b95d77318b857918dddc1?cid=9950ac751e34487dbbe027c4fd7f8e99","false","73","QMRSZ1802908","spotify:user:","1970-01-01T00:00:00Z"
"spotify:track:4pfhgOylRLcBll5JjUsJZj","Let's Fall in Love for the Night","spotify:artist:37M5pPGs6V1fchFJSgCguX","FINNEAS","spotify:album:2b7DunZFOVCs0QgiTI1FJW","Blood Harmony","spotify:artist:37M5pPGs6V1fchFJSgCguX","FINNEAS","2019-10-04","https://i.scdn.co/image/ab67616d0000b273500f0405c1d3feb14d62849c","1","6","190348","https://p.scdn.co/mp3-preview/b9adcc091cca2767e855302d66f843c270cf0138?cid=9950ac751e34487dbbe027c4fd7f8e99","true","68","GBKPL1825156","spotify:user:","1970-01-01T00:00:00Z"
"spotify:track:4HBZA5flZLE435QTztThqH","Stuck with U (with Justin Bieber)","spotify:artist:66CXWjxzNUsdJxJ2JdwvnR, spotify:artist:1uNFoZAHBGtllmzznpCI3s","Ariana Grande, Justin Bieber","spotify:album:5mUdh6YWnUvf0MfklEk1oi","Stuck with U","spotify:artist:66CXWjxzNUsdJxJ2JdwvnR, spotify:artist:1uNFoZAHBGtllmzznpCI3s","Ariana Grande, Justin Bieber","2020-05-08","https://i.scdn.co/image/ab67616d0000b2732babb9dbd8f5146112f1bf86","1","1","228482","https://p.scdn.co/mp3-preview/be00e21551094a08c0227c84b8d9c26047a329a4?cid=9950ac751e34487dbbe027c4fd7f8e99","false","77","USUM72009644","spotify:user:","1970-01-01T00:00:00Z"
"spotify:track:2eAvDnpXP5W0cVtiI0PUxV","Dandelions","spotify:artist:2WzaAvm2bBCf4pEhyuDgCY","Ruth B.","spotify:album:6FgtuX3PtiB5civjHYhc52","Safe Haven","spotify:artist:2WzaAvm2bBCf4pEhyuDgCY","Ruth B.","2017-05-05","https://i.scdn.co/image/ab67616d0000b27397e971f3e53475091dc8d707","1","2","233720","https://p.scdn.co/mp3-preview/3e55602bc286bc1fad9347931327e649ff9adfa1?cid=9950ac751e34487dbbe027c4fd7f8e99","false","86","USSM11703468","spotify:user:","1970-01-01T00:00:00Z"
"spotify:track:4hQ6UGyWQIGJmHSo0J88JW","Back To You - From 13 Reasons Why – Season 2 Soundtrack","spotify:artist:0C8ZW7ezQVs4URX5aX7Kqx","Selena Gomez","spotify:album:3N7eWDCvfWv34xWNohdHjO","Back To You (From 13 Reasons Why – Season 2 Soundtrack)","spotify:artist:0C8ZW7ezQVs4URX5aX7Kqx","Selena Gomez","2018-05-10","https://i.scdn.co/image/ab67616d0000b27330885dcb2b5f38512fbcbc59","1","1","207904","https://p.scdn.co/mp3-preview/3e6a14355cb03ca3b4d794f3f48c2c7552fa668e?cid=9950ac751e34487dbbe027c4fd7f8e99","false","71","USUM71805992","spotify:user:","1970-01-01T00:00:00Z"
"spotify:track:3JjnGLK8IxkNLvo8Lb3KOM","18","spotify:artist:4AK6F7OLvEQ5QYCBNiQWHq","One Direction","spotify:album:4gCNyS7pidfK3rKWhB3JOY","FOUR (Deluxe)","spotify:artist:4AK6F7OLvEQ5QYCBNiQWHq","One Direction","2014-11-17","https://i.scdn.co/image/ab67616d0000b273d304ba2d71de306812eebaf4","1","4","248360","https://p.scdn.co/mp3-preview/b64e83597557028b2802cba7799ba6fa365e9b14?cid=9950ac751e34487dbbe027c4fd7f8e99","false","76","GBHMU1400162","spotify:user:","1970-01-01T00:00:00Z"
"spotify:track:4Ce37cRWvM1vIGGynKcs22","Starving","spotify:artist:5p7f24Rk5HkUZsaS3BLG5F, spotify:artist:4lDBihdpMlOalxy1jkUbPl, spotify:artist:2qxJFvFYMEDqd7ui6kSAcq","Hailee Steinfeld, Grey, Zedd","spotify:album:18pR217SWwBjODSRWFBw0I","Starving","spotify:artist:5p7f24Rk5HkUZsaS3BLG5F, spotify:artist:4lDBihdpMlOalxy1jkUbPl, spotify:artist:2qxJFvFYMEDqd7ui6kSAcq","Hailee Steinfeld, Grey, Zedd","2016-07-22","https://i.scdn.co/image/ab67616d0000b2730506a838892be6229dca857b","1","1","181880","https://p.scdn.co/mp3-preview/31f6e6cc0119be916f272b2fd2d59e7b262ccb4b?cid=9950ac751e34487dbbe027c4fd7f8e99","false","71","USUM71606370","spotify:user:","1970-01-01T00:00:00Z"
"spotify:track:1dGr1c8CrMLDpV6mPbImSI","Lover","spotify:artist:06HL4z0CvFAxyc27GXpf02","Taylor Swift","spotify:album:1NAmidJlEaVgA3MpcPFYGq","Lover","spotify:artist:06HL4z0CvFAxyc27GXpf02","Taylor Swift","2019-08-23","https://i.scdn.co/image/ab67616d0000b273e787cffec20aa2a396a61647","1","3","221306","https://p.scdn.co/mp3-preview/aad996e106de5278d8387dc838e8f08105dcd588?cid=9950ac751e34487dbbe027c4fd7f8e99","false","85","USUG11901473","spotify:user:","1970-01-01T00:00:00Z"
"spotify:track:1Y3LN4zO1Edc2EluIoSPJN","Until I Found You (with Em Beihold) - Em Beihold Version","spotify:artist:5XKFrudbV4IiuE5WuTPRmT, spotify:artist:7o2ZQYM7nTsaVdkXY38UAA","Stephen Sanchez, Em Beihold","spotify:album:7ARtQpvnPN2ucbmVHngLOs","Until I Found You (Em Beihold Version)","spotify:artist:5XKFrudbV4IiuE5WuTPRmT, spotify:artist:7o2ZQYM7nTsaVdkXY38UAA","Stephen Sanchez, Em Beihold","2022-04-22","https://i.scdn.co/image/ab67616d0000b2732bf0876d42b90a8852ad6244","1","1","176440","https://p.scdn.co/mp3-preview/b3a1f2337811888fd2264a908987a60d4ad01774?cid=9950ac751e34487dbbe027c4fd7f8e99","false","83","USUG12202266","spotify:user:","1970-01-01T00:00:00Z"
"spotify:track:02VBYrHfVwfEWXk5DXyf0T","Leave The Door Open","spotify:artist:0du5cEVh5yTK9QJze8zA0C, spotify:artist:3jK9MiCrA42lLAdMGUZpwa, spotify:artist:6PvvGcCY2XtUcSRld1Wilr","Bruno Mars, Anderson .Paak, Silk Sonic","spotify:album:1YgekJJTEueWDaMr7BYqPk","An Evening With Silk Sonic","spotify:artist:0du5cEVh5yTK9QJze8zA0C, spotify:artist:3jK9MiCrA42lLAdMGUZpwa, spotify:artist:6PvvGcCY2XtUcSRld1Wilr","Bruno Mars, Anderson .Paak, Silk Sonic","2021-11-11","https://i.scdn.co/image/ab67616d0000b273fcf75ead8a32ac0020d2ce86","1","2","242096","https://p.scdn.co/mp3-preview/2f06384101ad1a5aa6b02f6fc24b59789c2ab54d?cid=9950ac751e34487dbbe027c4fd7f8e99","false","80","USAT22100906","spotify:user:","1970-01-01T00:00:00Z"
"spotify:track:7qiZfU4dY1lWllzX7mPBI3","Shape of You","spotify:artist:6eUKZXaKkcviH0Ku9w2n3V","Ed Sheeran","spotify:album:3T4tUhGYeRNVUGevb0wThu","÷ (Deluxe)","spotify:artist:6eUKZXaKkcviH0Ku9w2n3V","Ed Sheeran","2017-03-03","https://i.scdn.co/image/ab67616d0000b273ba5db46f4b838ef6027e6f96","1","4","233712","https://p.scdn.co/mp3-preview/7339548839a263fd721d01eb3364a848cad16fa7?cid=9950ac751e34487dbbe027c4fd7f8e99","false","84","GBAHS1600463","spotify:user:","1970-01-01T00:00:00Z"
"spotify:track:6ZuahEctZD6w75peme58hm","Wonder","spotify:artist:7n2wHs1TKAczGzO7Dd2rGr","Shawn Mendes","spotify:album:3Lp4JKk2ZgNkybMRS3eZR5","Wonder","spotify:artist:7n2wHs1TKAczGzO7Dd2rGr","Shawn Mendes","2020-12-04","https://i.scdn.co/image/ab67616d0000b27337a5a19e52f8260b3b158e55","1","2","172692","https://p.scdn.co/mp3-preview/06edcdba08b7a25517c80895e67b4394fb2264b9?cid=9950ac751e34487dbbe027c4fd7f8e99","false","67","USUM72018522","spotify:user:","1970-01-01T00:00:00Z"
"spotify:track:7pT6WSg4PCt4mr5ZFyUfsF","If We Have Each Other","spotify:artist:5IH6FPUwQTxPSXurCrcIov","Alec Benjamin","spotify:album:6jKZplJpy21R5lHaYHHjmZ","Narrated For You","spotify:artist:5IH6FPUwQTxPSXurCrcIov","Alec Benjamin","2018-11-16","https://i.scdn.co/image/ab67616d0000b273459d675aa0b6f3b211357370","1","1","181522","https://p.scdn.co/mp3-preview/8a63f21ae64cdb7e8a87497ddbfd71f932a76d68?cid=9950ac751e34487dbbe027c4fd7f8e99","false","76","USAT21804357","spotify:user:","1970-01-01T00:00:00Z"
"spotify:track:4cZ3UsiKd1kUQIaq4BFIj2","No One Compares To You","spotify:artist:1INuLZXjjVbcJRyWvD1iSq","Jack & Jack","spotify:album:0mjAkDF5xXelx7EOUthdRk","A Good Friend Is Nice","spotify:artist:1INuLZXjjVbcJRyWvD1iSq","Jack & Jack","2019-01-25","https://i.scdn.co/image/ab67616d0000b273b8930c6ded15853219d6f3cf","1","1","182920","https://p.scdn.co/mp3-preview/dea9972051d20074e33524f7b65954d993f207ee?cid=9950ac751e34487dbbe027c4fd7f8e99","false","55","USUM71815776","spotify:user:","1970-01-01T00:00:00Z"
"spotify:track:0EcQcdcbQeVJn9fknj44Be","I Like Me Better","spotify:artist:5JZ7CnR6gTvEMKX4g70Amv","Lauv","spotify:album:71cQY3dUThCY6vVKaUIXqR","I met you when I was 18. (the playlist)","spotify:artist:5JZ7CnR6gTvEMKX4g70Amv","Lauv","2018-05-31","https://i.scdn.co/image/ab67616d0000b273bdea30b86b37142ec99deb78","1","1","197436","https://p.scdn.co/mp3-preview/57bf51d254e2e01819ec8e013f4ed1c1fff8e50e?cid=9950ac751e34487dbbe027c4fd7f8e99","false","79","GBWWP1702907","spotify:user:","1970-01-01T00:00:00Z"
"spotify:track:4SqWKzw0CbA05TGszDgMlc","I Love You So","spotify:artist:027TpXKGwdXP7iwbjUSpV8","The Walters","spotify:album:7ucm85tRsWk6EyVHaYAxe9","I Love You So","spotify:artist:027TpXKGwdXP7iwbjUSpV8","The Walters","2014-11-28","https://i.scdn.co/image/ab67616d0000b2739214ff0109a0e062f8a6cf0f","1","1","160239","https://p.scdn.co/mp3-preview/83919b3d62a4ae352229c0a779e8aa0c1b2f4f40?cid=9950ac751e34487dbbe027c4fd7f8e99","false","87","TCACC1438995","spotify:user:","1970-01-01T00:00:00Z"
"spotify:track:06Kyj7sv2HzZPu4Vt4wfcO","Clouds (with Sabrina Carpenter)","spotify:artist:1oDUPFTxn5JyS8MxUe9ko4, spotify:artist:74KM79TiuVKeVCqs8QtB0B","Fin Argus, Sabrina Carpenter","spotify:album:6LGAFuDtpOFLOU2UhGGbg4","Clouds (with Sabrina Carpenter)","spotify:artist:1oDUPFTxn5JyS8MxUe9ko4, spotify:artist:74KM79TiuVKeVCqs8QtB0B","Fin Argus, Sabrina Carpenter","2020-10-09","https://i.scdn.co/image/ab67616d0000b273a1c92db918f0ba6822154cbc","1","1","184903","https://p.scdn.co/mp3-preview/b8b8f9f3d2b1e86dff5f634bb93da5a5ef715e35?cid=9950ac751e34487dbbe027c4fd7f8e99","false","44","USUG12003837","spotify:user:","1970-01-01T00:00:00Z"
"spotify:track:29VLdEqFvd0l4JFscCnrp7","Just My Type","spotify:artist:7gAppWoH7pcYmphCVTXkzs","The Vamps","spotify:album:0VKcOEVdDLf95KdHfBw9AR","Night & Day (Day Edition)","spotify:artist:7gAppWoH7pcYmphCVTXkzs","The Vamps","2018-07-13","https://i.scdn.co/image/ab67616d0000b2730c232fde2858d83554d58841","1","1","211360","https://p.scdn.co/mp3-preview/99693cd232910d93b8119fba3b9c26c30e032d9b?cid=9950ac751e34487dbbe027c4fd7f8e99","false","58","GBUM71801469","spotify:user:","1970-01-01T00:00:00Z"
"spotify:track:1K39ty6o1sHwwlZwO6a7wK","Wildest Dreams (Taylor's Version)","spotify:artist:06HL4z0CvFAxyc27GXpf02","Taylor Swift","spotify:album:64LU4c1nfjz1t4VnGhagcg","1989 (Taylor's Version)","spotify:artist:06HL4z0CvFAxyc27GXpf02","Taylor Swift","2023-10-26","https://i.scdn.co/image/ab67616d0000b273904445d70d04eb24d6bb79ac","1","9","220433","https://p.scdn.co/mp3-preview/54006386f42e62ed2a899f3127ff16b774295d72?cid=9950ac751e34487dbbe027c4fd7f8e99","false","76","USUG12103658","spotify:user:","1970-01-01T00:00:00Z"
"spotify:track:2f0pn9DkEJwAzXApnFh5cr","Someone To You","spotify:artist:4qWnlmXWuGv2TtuxtIWlJX","BANNERS","spotify:album:7jPoliCU7TRA13Wro32AOD","Where The Shadow Ends","spotify:artist:4qWnlmXWuGv2TtuxtIWlJX","BANNERS","2019-10-04","https://i.scdn.co/image/ab67616d0000b273f1bff89049561177b7cccebb","1","3","219801","https://p.scdn.co/mp3-preview/175723afbd4e226b4b6bd57fcb9d43b27550d61a?cid=9950ac751e34487dbbe027c4fd7f8e99","false","74","USUM71705215","spotify:user:","1970-01-01T00:00:00Z"
"spotify:track:6mQLN3zRtAp6ovjusyYKrV","Rewrite The Stars (with James Arthur & Anne-Marie)","spotify:artist:4IWBUUAFIplrNtaOHcJPRM, spotify:artist:1zNqDE7qDGCsyzJwohVaoX","James Arthur, Anne-Marie","spotify:album:4i7GEsKuuCtECD5l0VUctL","Rewrite The Stars (with James Arthur & Anne-Marie)","spotify:artist:4IWBUUAFIplrNtaOHcJPRM, spotify:artist:1zNqDE7qDGCsyzJwohVaoX","James Arthur, Anne-Marie","2018-10-25","https://i.scdn.co/image/ab67616d0000b273fdcd66dc526a25e1555ae81d","1","1","218293","https://p.scdn.co/mp3-preview/cf2a0c017f413de261c49290bf41a6d4fe5551d3?cid=9950ac751e34487dbbe027c4fd7f8e99","false","77","USAT21811554","spotify:user:","1970-01-01T00:00:00Z"
"spotify:track:0ND8rF8oirMXtE59n585P6","17","spotify:artist:0ZED1XzwlLHW4ZaG4lOT6m","Julia Michaels","spotify:album:2f4Ejh4Po2rpuXSYa6IDCe","Inner Monologue Part 2","spotify:artist:0ZED1XzwlLHW4ZaG4lOT6m","Julia Michaels","2019-06-28","https://i.scdn.co/image/ab67616d0000b273392fe1e2e2719b901c07b827","1","1","182800","https://p.scdn.co/mp3-preview/f81e29b56e8b5f54289cb3e8a0beff1f2779d66c?cid=9950ac751e34487dbbe027c4fd7f8e99","false","49","USUM71912027","spotify:user:","1970-01-01T00:00:00Z"
"spotify:track:34RmzDXMv0ELSQTK4pNvX3","Sunkissed","spotify:artist:0lawSNBxNgJFQYJnQzLH8c","khai dreams","spotify:album:4rfUHJjRb1Ywh0Gg8SEUcA","Now and Then","spotify:artist:0lawSNBxNgJFQYJnQzLH8c","khai dreams","2019-10-11","https://i.scdn.co/image/ab67616d0000b273beb9f908999e5b2e3dbe2ca6","1","1","126464","https://p.scdn.co/mp3-preview/dd6c3564098aca43695a239ad3fb764af3f81ce7?cid=9950ac751e34487dbbe027c4fd7f8e99","false","62","QZFZ21993822","spotify:user:","1970-01-01T00:00:00Z"
"spotify:track:3jjujdWJ72nww5eGnfs2E7","Adore You","spotify:artist:6KImCVD70vtIoJWnq6nGn3","Harry Styles","spotify:album:7xV2TzoaVc0ycW7fwBwAml","Fine Line","spotify:artist:6KImCVD70vtIoJWnq6nGn3","Harry Styles","2019-12-13","https://i.scdn.co/image/ab67616d0000b27377fdcfda6535601aff081b6a","1","3","207133","https://p.scdn.co/mp3-preview/a42d5e9f6f5c3375db9723bb2356239351eead31?cid=9950ac751e34487dbbe027c4fd7f8e99","false","83","USSM11912588","spotify:user:","1970-01-01T00:00:00Z"
"spotify:track:6M31fPFCYB8Job3MCjjrDV","They Don't Know About Us","spotify:artist:4AK6F7OLvEQ5QYCBNiQWHq","One Direction","spotify:album:2sWX3HYnZjPZ9MrH6MFsBt","Take Me Home (Expanded Edition)","spotify:artist:4AK6F7OLvEQ5QYCBNiQWHq","One Direction","2012-11-12","https://i.scdn.co/image/ab67616d0000b2734e31e0d38b89b8fb239d4fbf","1","12","200400","https://p.scdn.co/mp3-preview/cadd5802c1669f398ff3a341047cefc671f126ce?cid=9950ac751e34487dbbe027c4fd7f8e99","false","71","GBHMU1200368","spotify:user:","1970-01-01T00:00:00Z"
"spotify:track:3pTHZHX0MRE7xYeiTEWlaM","Tattoos Together","spotify:artist:5JZ7CnR6gTvEMKX4g70Amv","Lauv","spotify:album:3ZuE680xhR1A4bCFGvL8mi","~how i'm feeling~","spotify:artist:5JZ7CnR6gTvEMKX4g70Amv","Lauv","2020-03-06","https://i.scdn.co/image/ab67616d0000b2732c0e1e9e1fd1e7b132da1606","1","16","186613","https://p.scdn.co/mp3-preview/05a1007dda37f7107f54cef2f528a3bd5fa0a4e8?cid=9950ac751e34487dbbe027c4fd7f8e99","true","58","GBKPL1969293","spotify:user:","1970-01-01T00:00:00Z"
"spotify:track:2bT1PH7Cw3J9p3t7nlXCdh","If I Can't Have You","spotify:artist:7n2wHs1TKAczGzO7Dd2rGr","Shawn Mendes","spotify:album:0xzScN8P3hQAz3BT3YYX5w","Shawn Mendes (Deluxe)","spotify:artist:7n2wHs1TKAczGzO7Dd2rGr","Shawn Mendes","2019-06-19","https://i.scdn.co/image/ab67616d0000b273c820f033bd82bef4355d1563","1","3","191466","https://p.scdn.co/mp3-preview/19eb0926762be00a008444da61ae50a6399ec39d?cid=9950ac751e34487dbbe027c4fd7f8e99","false","71","USUM71907349","spotify:user:","1970-01-01T00:00:00Z"
"spotify:track:2GiJYvgVaD2HtM8GqD9EgQ","Electric Love","spotify:artist:1KP6TWI40m7p3QBTU6u2xo","BØRNS","spotify:album:17l7MIu0Jh0tdgK7or9ovw","Dopamine","spotify:artist:1KP6TWI40m7p3QBTU6u2xo","BØRNS","2015-10-16","https://i.scdn.co/image/ab67616d0000b273cc2cf912462d8ae4ef856434","1","3","218106","https://p.scdn.co/mp3-preview/9e25bcbff5c6e56abf6370656d6255fd7a766d9a?cid=9950ac751e34487dbbe027c4fd7f8e99","false","79","USUM71416307","spotify:user:","1970-01-01T00:00:00Z"
"spotify:track:1FCQLXqwkKiqXNVAos5j2B","Always","spotify:artist:5ie2SvXgvXlTpyqkwLtSd7","Isak Danielson","spotify:album:6XUpmmF38NqTp1Nf6QcUfq","Yours","spotify:artist:5ie2SvXgvXlTpyqkwLtSd7","Isak Danielson","2018-10-19","https://i.scdn.co/image/ab67616d0000b2730cdf22fa789379f42803ea79","1","2","213451","https://p.scdn.co/mp3-preview/eddb78636f8740e2583bb294396ccbb17dd5905d?cid=9950ac751e34487dbbe027c4fd7f8e99","false","59","SE5T51800201","spotify:user:","1970-01-01T00:00:00Z"
"spotify:track:2YWtcWi3a83pdEg3Gif4Pd","I Think He Knows","spotify:artist:06HL4z0CvFAxyc27GXpf02","Taylor Swift","spotify:album:1NAmidJlEaVgA3MpcPFYGq","Lover","spotify:artist:06HL4z0CvFAxyc27GXpf02","Taylor Swift","2019-08-23","https://i.scdn.co/image/ab67616d0000b273e787cffec20aa2a396a61647","1","6","173386","https://p.scdn.co/mp3-preview/9a872988c1ad7fe5403c63041d887456214dbe9b?cid=9950ac751e34487dbbe027c4fd7f8e99","false","71","USUG11901476","spotify:user:","1970-01-01T00:00:00Z"
"spotify:track:3d8y0t70g7hw2FOWl9Z4Fm","Ophelia","spotify:artist:16oZKvXb6WkQlVAjwo2Wbg","The Lumineers","spotify:album:2zbTrm2pIAErzFSopinkbN","Cleopatra","spotify:artist:16oZKvXb6WkQlVAjwo2Wbg","The Lumineers","2016-04-08","https://i.scdn.co/image/ab67616d0000b2732ebf129f0db6d0e88372600e","1","2","160097","https://p.scdn.co/mp3-preview/8c2d1447b1f425955e56f93bbb427436b28c6bb0?cid=9950ac751e34487dbbe027c4fd7f8e99","false","78","USDMG1673802","spotify:user:","1970-01-01T00:00:00Z"
"spotify:track:2BgEsaKNfHUdlh97KmvFyo","2002","spotify:artist:1zNqDE7qDGCsyzJwohVaoX","Anne-Marie","spotify:album:7lPoGKpCGgdKFAxpudhAH5","Speak Your Mind (Deluxe)","spotify:artist:1zNqDE7qDGCsyzJwohVaoX","Anne-Marie","2018-04-27","https://i.scdn.co/image/ab67616d0000b27338aae75dc37fb42457866ffd","1","10","186986","https://p.scdn.co/mp3-preview/d469ce8346ff12dcd2af05877d99662a0b334eca?cid=9950ac751e34487dbbe027c4fd7f8e99","false","77","GBAHS1800094","spotify:user:","1970-01-01T00:00:00Z"
"spotify:track:0mJBiaODgK0XjOLCN5fItq","Like I Can","spotify:artist:2wY79sveU1sp5g7SokKOiI","Sam Smith","spotify:album:6oSJciY7B2HlZPJpyR9nOR","In The Lonely Hour (Deluxe)","spotify:artist:2wY79sveU1sp5g7SokKOiI","Sam Smith","2014-01-01","https://i.scdn.co/image/ab67616d0000b273aeca5ce27cb0041319cbb734","1","7","167065","https://p.scdn.co/mp3-preview/4426ebceb8998084b98f7a3f069af7ea7857e5cf?cid=9950ac751e34487dbbe027c4fd7f8e99","false","51","GBUM71308834","spotify:user:","1970-01-01T00:00:00Z"
"spotify:track:7aQjPecQdIuNd1sz3KCDhD","Lovefool","spotify:artist:1tqZaCwM57UFKjWoYwMLrw","The Cardigans","spotify:album:56vFkneGivqQcoNQq362iZ","First Band On The Moon (Remastered)","spotify:artist:1tqZaCwM57UFKjWoYwMLrw","The Cardigans","1996-01-01","https://i.scdn.co/image/ab67616d0000b2730aac8ca880151fda470e91af","1","7","193953","https://p.scdn.co/mp3-preview/f548f1a669b14992fc5d1c2339f8eb114c175f3c?cid=9950ac751e34487dbbe027c4fd7f8e99","false","80","SEBKB9629380","spotify:user:","1970-01-01T00:00:00Z"
"spotify:track:2XJi8jbLnDBZ60gTPpdbrg","Home","spotify:artist:7giUHu5pv6YTZgSkxxCcgh","Edward Sharpe & The Magnetic Zeros","spotify:album:4GD0oOYztFNV8I6Sh9YF8O","Up From Below","spotify:artist:7giUHu5pv6YTZgSkxxCcgh","Edward Sharpe & The Magnetic Zeros","2009","https://i.scdn.co/image/ab67616d0000b2731882d1f400ae405ca501191b","1","6","302080","https://p.scdn.co/mp3-preview/12c998a96bc08c7e2fd0ca9ae3da08f88b3bd6ae?cid=9950ac751e34487dbbe027c4fd7f8e99","false","58","USVR90954206","spotify:user:","1970-01-01T00:00:00Z"
"spotify:track:2Bs4jQEGMycglOfWPBqrVG","Steal My Girl","spotify:artist:4AK6F7OLvEQ5QYCBNiQWHq","One Direction","spotify:album:4gCNyS7pidfK3rKWhB3JOY","FOUR (Deluxe)","spotify:artist:4AK6F7OLvEQ5QYCBNiQWHq","One Direction","2014-11-17","https://i.scdn.co/image/ab67616d0000b273d304ba2d71de306812eebaf4","1","1","228133","https://p.scdn.co/mp3-preview/737c88cb0f9b8ebfc09135343084e8dc59009200?cid=9950ac751e34487dbbe027c4fd7f8e99","false","77","GBHMU1400159","spotify:user:","1970-01-01T00:00:00Z"
"spotify:track:1fDFHXcykq4iw8Gg7s5hG9","About You","spotify:artist:3mIj9lX2MWuHmhNCA7LSCW","The 1975","spotify:album:6dVCpQ7oGJD1oYs2fv1t5M","Being Funny In A Foreign Language","spotify:artist:3mIj9lX2MWuHmhNCA7LSCW","The 1975","2022-10-14","https://i.scdn.co/image/ab67616d0000b2731f44db452a68e229650a302c","1","10","326490","https://p.scdn.co/mp3-preview/66e8103db129c422b5bdefca973cf9c9e839eeba?cid=9950ac751e34487dbbe027c4fd7f8e99","false","80","GBK3W2202321","spotify:user:","1970-01-01T00:00:00Z"
"spotify:track:6v3KW9xbzN5yKLt9YKDYA2","Señorita","spotify:artist:7n2wHs1TKAczGzO7Dd2rGr, spotify:artist:4nDoRrQiYLoBzwC5BhVJzF","Shawn Mendes, Camila Cabello","spotify:album:0xzScN8P3hQAz3BT3YYX5w","Shawn Mendes (Deluxe)","spotify:artist:7n2wHs1TKAczGzO7Dd2rGr","Shawn Mendes","2019-06-19","https://i.scdn.co/image/ab67616d0000b273c820f033bd82bef4355d1563","1","1","190799","https://p.scdn.co/mp3-preview/cf6ae4e497f91c285cc57ec2be36bbad2133af47?cid=9950ac751e34487dbbe027c4fd7f8e99","false","79","USUM71911283","spotify:user:","1970-01-01T00:00:00Z"
"spotify:track:56sxN1yKg1dgOZXBcAHkJG","Gone, Gone, Gone","spotify:artist:6p5JxpTc7USNnBnLzctyd4","Phillip Phillips","spotify:album:0zIb6xazDd72sVT8OtPX3E","The World From The Side Of The Moon","spotify:artist:6p5JxpTc7USNnBnLzctyd4","Phillip Phillips","2012-01-01","https://i.scdn.co/image/ab67616d0000b2735c75f5e02580f4c0c3e80e8e","1","3","209693","https://p.scdn.co/mp3-preview/cd74015331c05d8441cc56250961150f2dd60319?cid=9950ac751e34487dbbe027c4fd7f8e99","false","72","QMTM61200406","spotify:user:","1970-01-01T00:00:00Z"
"spotify:track:2JtuQZHQAtNO13O8KLQSxE","Boys Like You","spotify:artist:2y9j8qUwBMGPYPQJJxmYzD","Anna Clendening","spotify:album:0Dul38cVpG0ASG02D653k8","Boys Like You","spotify:artist:2y9j8qUwBMGPYPQJJxmYzD","Anna Clendening","2018-06-01","https://i.scdn.co/image/ab67616d0000b2737679b9d0724cc7421189ac44","1","1","187349","https://p.scdn.co/mp3-preview/4658dd24543885a419cb3f49914f8791dff402a7?cid=9950ac751e34487dbbe027c4fd7f8e99","false","48","US39N1800049","spotify:user:","1970-01-01T00:00:00Z"
"spotify:track:1ko2lVN0vKGUl9zrU0qSlT","Just the Two of Us (feat. Bill Withers)","spotify:artist:05YVYeV4HxYp5rrWalvuE1, spotify:artist:1ThoqLcyIYvZn7iWbj8fsj","Grover Washington\, Jr., Bill Withers","spotify:album:1lKYaRbV0AayVPss9i4oOp","Anthology","spotify:artist:05YVYeV4HxYp5rrWalvuE1","Grover Washington\, Jr.","1985","https://i.scdn.co/image/ab67616d0000b273472fbc1d5743c7d3c75b9ec0","1","6","438493","https://p.scdn.co/mp3-preview/0b8c95f421393a3fca43687498e15ad0b1e1f4d6?cid=9950ac751e34487dbbe027c4fd7f8e99","false","73","USEE19901162","spotify:user:","1970-01-01T00:00:00Z"
"spotify:track:18uwL0vNUanqZH0ro2QcOP","comethru","spotify:artist:3gIRvgZssIb9aiirIg0nI3","Jeremy Zucker","spotify:album:6Whp0T7d1SAt4gDUNkWWD1","summer,","spotify:artist:3gIRvgZssIb9aiirIg0nI3","Jeremy Zucker","2018-09-28","https://i.scdn.co/image/ab67616d0000b273cb16227d90152c2a5022bba1","1","1","181613","https://p.scdn.co/mp3-preview/c4523509311dad00dc70a06f1cfe2b0b358f6698?cid=9950ac751e34487dbbe027c4fd7f8e99","false","73","USUM71813455","spotify:user:","1970-01-01T00:00:00Z"
"spotify:track:1QNqrsNQ1JVLEwncov3lEY","True Love (feat. Lily Allen)","spotify:artist:1KCSPY1glIKqW2TotWuXOR, spotify:artist:13saZpZnCDWOI9D4IJhp1f","P!nk, Lily Allen","spotify:album:2Q9oTK48eb85waX1fFJsvj","The Truth About Love","spotify:artist:1KCSPY1glIKqW2TotWuXOR","P!nk","2012-09-18","https://i.scdn.co/image/ab67616d0000b2739d0f0d226987b449808e7b6f","1","5","230733","https://p.scdn.co/mp3-preview/584661dc4de0d2866939648924817bc5051a4454?cid=9950ac751e34487dbbe027c4fd7f8e99","true","67","USRC11200787","spotify:user:","1970-01-01T00:00:00Z"
